                  epoch,         train/box_loss,         train/cls_loss,         train/dfl_loss,   metrics/precision(B),      metrics/recall(B),       metrics/mAP50(B),    metrics/mAP50-95(B),           val/box_loss,           val/cls_loss,           val/dfl_loss,                 lr/pg0,                 lr/pg1,                 lr/pg2
                      1,                 5.3301,                 3.9565,                  3.964,                      0,                      0,                      0,                      0,                 6.5037,                 4.6657,                 3.8535,                      0,                      0,                      0
                      2,                 4.9783,                 3.7852,                 3.8298,                      0,                      0,                      0,                      0,                 6.5344,                 4.3304,                  3.884,              1.934e-05,              1.934e-05,              1.934e-05
                      3,                 4.8357,                 3.6425,                  3.669,                      0,                      0,                      0,                      0,                 6.5617,                 4.0497,                 3.9032,              3.736e-05,              3.736e-05,              3.736e-05
                      4,                 4.7237,                 3.3291,                 3.3906,                      0,                      0,                      0,                      0,                 6.5652,                 3.8741,                 3.8452,              5.406e-05,              5.406e-05,              5.406e-05
                      5,                 4.5449,                 2.8273,                 3.0639,                      0,                      0,                      0,                      0,                 6.4509,                 4.5485,                  3.495,              6.944e-05,              6.944e-05,              6.944e-05
                      6,                 4.0206,                 2.7809,                  2.562,                      0,                      0,                      0,                      0,                 6.0939,                 6.3147,                  2.883,               8.35e-05,               8.35e-05,               8.35e-05
                      7,                 3.5075,                 2.2869,                 2.4366,                      0,                      0,                      0,                      0,                  5.278,                   7.84,                 2.5152,              9.624e-05,              9.624e-05,              9.624e-05
                      8,                  3.474,                 2.3984,                 2.2954,                0.02676,                 0.0625,                0.01786,                0.00582,                 4.3841,                 3.2568,                   2.21,             0.00010766,             0.00010766,             0.00010766
                      9,                 2.9966,                 2.0612,                 2.0904,                0.07074,                 0.3125,                0.03316,                0.00598,                 4.1065,                 6.3558,                 1.9336,             0.00011776,             0.00011776,             0.00011776
                     10,                 3.1028,                 2.1727,                 2.0587,                0.04977,                   0.25,                0.02398,                0.00568,                 3.9432,                 3.4335,                 1.7878,             0.00012654,             0.00012654,             0.00012654
                     11,                 2.6823,                 1.7854,                 1.8112,                0.06546,                  0.125,                0.01948,                0.00383,                 4.0806,                 4.3923,                 2.0989,               0.000134,               0.000134,               0.000134
                     12,                 2.8325,                 1.8848,                 1.8567,                0.25814,                  0.125,                0.10121,                0.01985,                 3.9619,                  4.175,                 2.3781,             0.00014014,             0.00014014,             0.00014014
                     13,                 2.6532,                 1.6868,                 1.7453,                0.22106,                 0.1875,                0.07058,                0.01578,                  4.249,                 5.9051,                 2.1726,             0.00014496,             0.00014496,             0.00014496
                     14,                  2.497,                 1.5286,                 1.6194,                0.20349,                   0.25,                0.08797,                0.01766,                 4.1108,                 6.5898,                 1.9235,             0.00014846,             0.00014846,             0.00014846
                     15,                  2.582,                 1.6788,                 1.5999,                0.18005,                 0.1875,                 0.0988,                0.02904,                 4.0866,                 9.2376,                   2.59,             0.00015064,             0.00015064,             0.00015064
                     16,                 2.6162,                  1.542,                 1.6178,                0.30066,                   0.25,                0.26262,                0.08853,                 4.0044,                 6.4065,                 2.9983,              0.0001515,              0.0001515,              0.0001515
                     17,                  2.457,                 1.6355,                  1.553,                0.40891,                 0.4375,                0.39252,                 0.1247,                   3.33,                 6.0495,                 2.1486,             0.00015104,             0.00015104,             0.00015104
                     18,                 2.4321,                 1.5311,                 1.5633,                0.40891,                 0.4375,                0.39252,                 0.1247,                   3.33,                 6.0495,                 2.1486,             0.00014926,             0.00014926,             0.00014926
                     19,                 2.3043,                 1.6864,                 1.5495,                0.36913,                 0.4389,                0.39258,                0.13697,                 2.9135,                 9.6028,                 1.7285,             0.00014616,             0.00014616,             0.00014616
                     20,                 2.6741,                 1.5408,                 1.5989,                0.36913,                 0.4389,                0.39258,                0.13697,                 2.9135,                 9.6028,                 1.7285,             0.00014174,             0.00014174,             0.00014174
                     21,                 3.2618,                 2.4645,                 1.9799,                0.31324,                0.45668,                0.37851,                  0.178,                 2.7412,                 11.971,                 1.4856,               0.000136,               0.000136,               0.000136
                     22,                  2.632,                 1.6593,                 1.4648,                0.31324,                0.45668,                0.37851,                  0.178,                 2.7412,                 11.971,                 1.4856,             0.00012894,             0.00012894,             0.00012894
                     23,                 2.6376,                 1.5884,                 1.4903,                0.34185,                    0.5,                0.41378,                0.25368,                 2.4385,                 7.1882,                 1.0607,             0.00012056,             0.00012056,             0.00012056
                     24,                 2.5403,                 1.4176,                 1.4182,                0.34185,                    0.5,                0.41378,                0.25368,                 2.4385,                 7.1882,                 1.0607,             0.00011086,             0.00011086,             0.00011086
                     25,                 2.5216,                 1.4217,                 1.3929,                0.40714,                    0.5,                0.39141,                  0.213,                 2.4846,                 6.1879,                 1.0525,              9.984e-05,              9.984e-05,              9.984e-05
                     26,                 2.6921,                 1.4071,                 1.4072,                0.40714,                    0.5,                0.39141,                  0.213,                 2.4846,                 6.1879,                 1.0525,               8.75e-05,               8.75e-05,               8.75e-05
                     27,                 2.5862,                 1.3885,                  1.415,                0.36532,                 0.4375,                0.36807,                0.18725,                 2.6299,                 5.6259,                 1.1385,              7.384e-05,              7.384e-05,              7.384e-05
                     28,                 2.2944,                 1.4164,                 1.3362,                0.36532,                 0.4375,                0.36807,                0.18725,                 2.6299,                 5.6259,                 1.1385,              5.886e-05,              5.886e-05,              5.886e-05
                     29,                 2.4655,                 1.2854,                 1.3633,                 0.4377,                 0.4375,                0.36337,                 0.1658,                 2.7359,                 5.1097,                 1.2086,              4.256e-05,              4.256e-05,              4.256e-05
                     30,                 2.6463,                 1.3553,                 1.4358,                 0.4377,                 0.4375,                0.36337,                 0.1658,                 2.7359,                 5.1097,                 1.2086,              2.494e-05,              2.494e-05,              2.494e-05
